{
  "testData": [
    {
      "full_name": "Elena Aurgas",
      "phone": "89253458675",
      "email": "helen@google.com",
      "product": "course-js"
    },
    {
      "full_name": "Екатерина М",
      "phone": "89253458675",
      "email": "justkate@google.com",
      "product": "course-vue"
    },
    {
      "full_name": "Sofie Braz",
      "phone": "89245600000",
      "email": "sofie@outlook.com",
      "product": "course-wordpress"
    },
    {
      "full_name": "Alexander B",
      "phone": "89253458675",
      "email": "al@mail.ru",
      "product": "course-wordpress"
    },
    {
      "full_name": "Анатолий Ш",
      "phone": "89253458675",
      "email": "anatol@google.com",
      "product": "course-php"
    },
    {
      "full_name": "Stepanova Polina Vladimirovna",
      "phone": "89253555555",
      "email": "polly777@google.com",
      "product": "course-html"
    },
    {
      "full_name": "Stepanova Polina Vladimirovna",
      "phone": "89253555555",
      "email": "polly777@google.com",
      "product": "course-js"
    },
    {
      "full_name": "Ivan Ivanov Ivanovuch",
      "phone": "89253555555",
      "email": "vanya@google.com",
      "product": "course-js"
    },
    {
      "full_name": "Pavel Nerezov",
      "phone": "89253555555",
      "email": "pn@google.com",
      "product": "course-vue"
    }
  ],
  "data": [
    {
      "full_name": "Ivan Ivanov",
      "phone": "79253555555",
      "email": "vanya@google.com",
      "product": "course-js",
      "timestamp": 1738312110174,
      "changed": 1738312110174,
      "status": "new",
      "id": 1
    },
    {
      "full_name": "Stepanova Polina",
      "phone": "79253555555",
      "email": "polly777@google.com",
      "product": "course-js",
      "timestamp": 1738312110850,
      "changed": 1738312110850,
      "status": "new",
      "id": 4
    }
  ],
  "products": [
    {
      "value": "course-html",
      "title": "Курс по верстке"
    },
    {
      "value": "course-js",
      "title": "Курс по JavaScript"
    },
    {
      "value": "course-vue",
      "title": "Курс по VUE JS"
    },
    {
      "value": "course-php",
      "title": "Курс по PHP"
    },
    {
      "value": "course-wordpress",
      "title": "Курс по WordPress"
    }
  ],
  "status": [
    {
      "value": "all",
      "title": "Все"
    },
    {
      "value": "new",
      "title": "Новые"
    },
    {
      "value": "inwork",
      "title": "В работе"
    },
    {
      "value": "completed",
      "title": "Завершенные"
    }
  ],
  "users": [
    {
      "id": 1,
      "name": "Петр",
      "secondName": "Васильевич",
      "cover": "avatar-128.jpg",
      "isAdmin": true
    }
  ],
  "logo": {
    "title": "CRM заявки",
    "subtitle": "учебный проект webcademy"
  },
  "pages": {
    "tablePage": {
      "title": "Все заявки",
      "titleNoData": "Нет заявок"
    },
    "formPage": {
      "title": "Форма заявок"
    },
    "editPage": {
      "title": "Работа с заявкой"
    }
  },
  "table": []
}